Year,hg/ha_yield,pesticides_tonnes,avg_temp,Item_encoded,Yield_Class
2000,269087,44957.52,25.98,0,1
2000,269087,44957.52,27.44,0,1
2000,269087,44957.52,26.13,0,1
2000,269087,44957.52,24.57,0,1
2000,269087,44957.52,25.34,0,1
2000,269087,44957.52,25.93,0,1
2000,269087,,26.05,0,1
2000,269087,44957.52,26.49,0,1
2000,269087,44957.52,27.23,0,1
2000,269087,44957.52,25.62,0,1
2000,269087,44957.52,26.43,0,1
2000,269087,44957.52,25.35,0,1
2000,269087,44957.52,24.57,0,1
2000,269087,44957.52,26.18,0,1
2000,269087,44957.52,26.05,0,1
2000,269087,44957.52,25.58,0,1
2000,269087,44957.52,25.11,0,1
2000,269087,44957.52,27.08,0,1
2000,269087,,,0,1
2000,269087,44957.52,27.03,0,1
2000,269087,44957.52,27.03,0,1
2000,269087,44957.52,25.93,0,1
2000,18216,44957.52,25.98,1,0
2000,18216,44957.52,27.44,1,0
2000,18216,44957.52,26.13,1,0
2000,18216,44957.52,,1,0
2000,18216,44957.52,25.34,1,0
2000,18216,44957.52,25.93,1,0
2000,18216,44957.52,26.05,1,0
2000,18216,44957.52,,1,0
2000,18216,44957.52,,1,0
2000,18216,44957.52,25.62,1,0
2000,18216,44957.52,26.43,1,0
2000,18216,44957.52,25.35,1,0
2000,18216,44957.52,,1,0
2000,18216,44957.52,26.18,1,0
2000,18216,44957.52,26.05,1,0
2000,18216,44957.52,25.58,1,0
2000,18216,44957.52,,1,0
2000,18216,,27.08,1,0
2000,18216,44957.52,24.69,1,0
2000,18216,44957.52,27.03,1,0
2000,18216,44957.52,27.03,1,0
2000,18216,44957.52,25.93,1,0
2000,186443,44957.52,25.98,2,1
2000,186443,44957.52,27.44,2,1
2000,186443,44957.52,26.13,2,1
2000,186443,44957.52,,2,1
2000,186443,44957.52,25.34,2,1
2000,186443,44957.52,,2,1
2000,186443,,26.05,2,1
2000,186443,44957.52,26.49,2,1
2000,186443,44957.52,27.23,2,1
2000,186443,44957.52,25.62,2,1
2000,186443,44957.52,26.43,2,1
2000,186443,44957.52,25.35,2,1
2000,186443,,,2,1
2000,186443,44957.52,,2,1
2000,186443,44957.52,26.05,2,1
2000,186443,44957.52,25.58,2,1
2000,186443,44957.52,25.11,2,1
2000,186443,,27.08,2,1
2000,186443,44957.52,24.69,2,1
2000,186443,44957.52,27.03,2,1
2000,186443,44957.52,27.03,2,1
2000,186443,44957.52,25.93,2,1
2000,28508,44957.52,25.98,3,0
2000,28508,44957.52,27.44,3,0
2000,28508,,26.13,3,0
2000,28508,44957.52,24.57,3,0
2000,28508,44957.52,,3,0
2000,28508,44957.52,25.93,3,0
2000,28508,44957.52,26.05,3,0
2000,28508,44957.52,26.49,3,0
2000,28508,44957.52,27.23,3,0
2000,28508,44957.52,25.62,3,0
2000,28508,44957.52,,3,0
2000,28508,44957.52,25.35,3,0
2000,28508,44957.52,24.57,3,0
2000,28508,44957.52,26.18,3,0
2000,28508,44957.52,26.05,3,0
2000,28508,44957.52,25.58,3,0
2000,28508,44957.52,25.11,3,0
2000,28508,44957.52,27.08,3,0
2000,28508,44957.52,24.69,3,0
2000,28508,44957.52,27.03,3,0
2000,28508,44957.52,,3,0
2000,28508,,25.93,3,0
2000,7639,44957.52,25.98,4,0
2000,7639,44957.52,27.44,4,0
2000,7639,44957.52,26.13,4,0
2000,7639,44957.52,24.57,4,0
2000,7639,44957.52,,4,0
2000,7639,,25.93,4,0
2000,7639,44957.52,26.05,4,0
2000,7639,44957.52,26.49,4,0
2000,7639,,27.23,4,0
2000,7639,44957.52,25.62,4,0
2000,7639,44957.52,26.43,4,0
2000,7639,44957.52,25.35,4,0
2000,7639,44957.52,24.57,4,0
2000,7639,44957.52,26.18,4,0
2000,7639,44957.52,26.05,4,0
2000,7639,44957.52,25.58,4,0
2000,7639,44957.52,,4,0
2000,7639,,27.08,4,0
2000,7639,44957.52,24.69,4,0
2000,7639,44957.52,27.03,4,0
2000,7639,44957.52,,4,0
2000,7639,44957.52,25.93,4,0
2000,8222,44957.52,25.98,5,0
2000,8222,44957.52,27.44,5,0
2000,8222,44957.52,26.13,5,0
2000,8222,44957.52,24.57,5,0
2000,8222,44957.52,,5,0
2000,8222,44957.52,25.93,5,0
2000,8222,44957.52,26.05,5,0
2000,8222,44957.52,26.49,5,0
2000,8222,,27.23,5,0
2000,8222,44957.52,25.62,5,0
2000,8222,44957.52,26.43,5,0
2000,8222,,25.35,5,0
2000,8222,44957.52,24.57,5,0
2000,8222,44957.52,26.18,5,0
2000,8222,44957.52,26.05,5,0
2000,8222,44957.52,25.58,5,0
2000,8222,44957.52,,5,0
2000,8222,44957.52,27.08,5,0
2000,8222,44957.52,24.69,5,0
2000,8222,,,5,0
2000,8222,44957.52,,5,0
2000,8222,44957.52,25.93,5,0
2000,97421,,25.98,6,1
2000,97421,44957.52,27.44,6,1
2000,97421,44957.52,26.13,6,1
2000,97421,44957.52,24.57,6,1
2000,97421,44957.52,25.34,6,1
2000,97421,44957.52,25.93,6,1
2000,97421,44957.52,,6,1
2000,97421,44957.52,26.49,6,1
2000,97421,44957.52,27.23,6,1
2000,97421,44957.52,25.62,6,1
2000,97421,44957.52,26.43,6,1
2000,97421,,25.35,6,1
2000,97421,,24.57,6,1
2000,97421,44957.52,26.18,6,1
2000,97421,44957.52,26.05,6,1
2000,97421,44957.52,25.58,6,1
2000,97421,44957.52,25.11,6,1
2000,97421,44957.52,27.08,6,1
2000,97421,44957.52,24.69,6,1
2000,97421,44957.52,27.03,6,1
2000,97421,,27.03,6,1
2000,97421,44957.52,25.93,6,1
2000,27785,44957.52,25.98,7,0
2000,27785,44957.52,27.44,7,0
2000,27785,44957.52,26.13,7,0
2000,27785,44957.52,24.57,7,0
2000,27785,44957.52,25.34,7,0
2000,27785,44957.52,25.93,7,0
2000,27785,44957.52,26.05,7,0
2000,27785,44957.52,26.49,7,0
2000,27785,44957.52,27.23,7,0
2000,27785,44957.52,25.62,7,0
2000,27785,44957.52,26.43,7,0
2000,27785,44957.52,,7,0
2000,27785,44957.52,24.57,7,0
2000,27785,44957.52,26.18,7,0
2000,27785,44957.52,26.05,7,0
2000,27785,44957.52,25.58,7,0
2000,27785,44957.52,25.11,7,0
2000,27785,44957.52,27.08,7,0
2000,27785,44957.52,,7,0
2000,27785,44957.52,27.03,7,0
2000,27785,44957.52,27.03,7,0
2000,27785,44957.52,25.93,7,0
2001,266998,43720.04,25.76,0,1
2001,266998,43720.04,27.2,0,1
2001,266998,43720.04,26.02,0,1
2001,266998,43720.04,24.5,0,1
2001,266998,43720.04,25.53,0,1
2001,266998,43720.04,25.95,0,1
2001,266998,43720.04,25.86,0,1
2001,266998,43720.04,26.52,0,1
2001,266998,43720.04,27.56,0,1
2001,266998,43720.04,25.59,0,1
2001,266998,43720.04,26.02,0,1
2001,266998,43720.04,25.33,0,1
2001,266998,43720.04,24.5,0,1
2001,266998,43720.04,26.32,0,1
2001,266998,43720.04,25.86,0,1
2001,266998,43720.04,25.82,0,1
2001,266998,,25.34,0,1
2001,266998,,26.91,0,1
2001,266998,,24.76,0,1
2001,266998,43720.04,26.9,0,1
2001,266998,43720.04,26.9,0,1
2001,266998,43720.04,25.92,0,1
2001,19996,43720.04,,1,0
2001,19996,43720.04,,1,0
2001,19996,43720.04,26.02,1,0
2001,19996,43720.04,,1,0
2001,19996,43720.04,,1,0
2001,19996,43720.04,25.95,1,0
2001,19996,43720.04,25.86,1,0
2001,19996,43720.04,26.52,1,0
2001,19996,43720.04,27.56,1,0
2001,19996,43720.04,,1,0
2001,19996,43720.04,26.02,1,0
2001,19996,,25.33,1,0
2001,19996,43720.04,24.5,1,0
2001,19996,43720.04,26.32,1,0
2001,19996,,25.86,1,0
2001,19996,43720.04,25.82,1,0
2001,19996,43720.04,25.34,1,0
2001,19996,43720.04,26.91,1,0
2001,19996,43720.04,24.76,1,0
2001,19996,43720.04,,1,0
2001,19996,43720.04,26.9,1,0
2001,19996,43720.04,25.92,1,0
2001,183627,43720.04,25.76,2,1
2001,183627,43720.04,27.2,2,1
2001,183627,43720.04,26.02,2,1
2001,183627,43720.04,24.5,2,1
2001,183627,43720.04,25.53,2,1
2001,183627,43720.04,25.95,2,1
2001,183627,43720.04,25.86,2,1
2001,183627,43720.04,,2,1
2001,183627,,,2,1
2001,183627,43720.04,25.59,2,1
2001,183627,43720.04,26.02,2,1
2001,183627,43720.04,25.33,2,1
2001,183627,43720.04,24.5,2,1
2001,183627,43720.04,26.32,2,1
2001,183627,43720.04,,2,1
2001,183627,43720.04,25.82,2,1
2001,183627,43720.04,25.34,2,1
2001,183627,43720.04,,2,1
2001,183627,43720.04,24.76,2,1
2001,183627,43720.04,,2,1
2001,183627,43720.04,26.9,2,1
2001,183627,43720.04,25.92,2,1
2001,31158,43720.04,,3,1
2001,31158,43720.04,27.2,3,1
2001,31158,43720.04,26.02,3,1
2001,31158,43720.04,24.5,3,1
2001,31158,43720.04,,3,1
2001,31158,,25.95,3,1
2001,31158,43720.04,,3,1
2001,31158,43720.04,26.52,3,1
2001,31158,43720.04,27.56,3,1
2001,31158,43720.04,25.59,3,1
2001,31158,43720.04,26.02,3,1
2001,31158,43720.04,25.33,3,1
2001,31158,43720.04,24.5,3,1
2001,31158,43720.04,26.32,3,1
2001,31158,43720.04,,3,1
2001,31158,43720.04,25.82,3,1
2001,31158,43720.04,25.34,3,1
2001,31158,43720.04,26.91,3,1
2001,31158,43720.04,24.76,3,1
2001,31158,43720.04,26.9,3,1
2001,31158,43720.04,26.9,3,1
2001,31158,43720.04,25.92,3,1
2001,7715,43720.04,25.76,4,0
2001,7715,,27.2,4,0
2001,7715,43720.04,26.02,4,0
2001,7715,43720.04,24.5,4,0
2001,7715,43720.04,25.53,4,0
2001,7715,43720.04,25.95,4,0
2001,7715,43720.04,25.86,4,0
2001,7715,43720.04,26.52,4,0
2001,7715,43720.04,27.56,4,0
2001,7715,43720.04,25.59,4,0
2001,7715,,26.02,4,0
2001,7715,43720.04,25.33,4,0
2001,7715,43720.04,24.5,4,0
2001,7715,43720.04,26.32,4,0
2001,7715,43720.04,25.86,4,0
2001,7715,43720.04,25.82,4,0
2001,7715,,,4,0
2001,7715,43720.04,26.91,4,0
2001,7715,43720.04,24.76,4,0
2001,7715,43720.04,26.9,4,0
2001,7715,43720.04,26.9,4,0
2001,7715,43720.04,25.92,4,0
2001,9400,43720.04,25.76,5,0
2001,9400,,27.2,5,0
2001,9400,43720.04,26.02,5,0
2001,9400,,24.5,5,0
2001,9400,43720.04,25.53,5,0
2001,9400,43720.04,25.95,5,0
2001,9400,43720.04,25.86,5,0
2001,9400,,26.52,5,0
2001,9400,43720.04,27.56,5,0
2001,9400,43720.04,25.59,5,0
2001,9400,43720.04,26.02,5,0
2001,9400,43720.04,25.33,5,0
2001,9400,43720.04,24.5,5,0
2001,9400,43720.04,26.32,5,0
2001,9400,43720.04,25.86,5,0
2001,9400,,25.82,5,0
2001,9400,43720.04,25.34,5,0
2001,9400,43720.04,26.91,5,0
2001,9400,43720.04,24.76,5,0
2001,9400,43720.04,26.9,5,0
2001,9400,43720.04,26.9,5,0
2001,9400,43720.04,,5,0
2001,88368,43720.04,25.76,6,1
2001,88368,43720.04,27.2,6,1
2001,88368,43720.04,26.02,6,1
2001,88368,43720.04,24.5,6,1
2001,88368,43720.04,25.53,6,1
2001,88368,43720.04,25.95,6,1
2001,88368,43720.04,25.86,6,1
2001,88368,43720.04,26.52,6,1
2001,88368,43720.04,27.56,6,1
2001,88368,43720.04,25.59,6,1
2001,88368,43720.04,26.02,6,1
2001,88368,43720.04,25.33,6,1
2001,88368,43720.04,24.5,6,1
2001,88368,43720.04,26.32,6,1
2001,88368,43720.04,25.86,6,1
2001,88368,43720.04,25.82,6,1
2001,88368,43720.04,,6,1
2001,88368,43720.04,26.91,6,1
2001,88368,43720.04,24.76,6,1
2001,88368,43720.04,26.9,6,1
2001,88368,43720.04,,6,1
2001,88368,43720.04,25.92,6,1
2001,27081,43720.04,25.76,7,0
2001,27081,43720.04,27.2,7,0
2001,27081,43720.04,,7,0
2001,27081,43720.04,24.5,7,0
2001,27081,43720.04,25.53,7,0
2001,27081,43720.04,25.95,7,0
2001,27081,,25.86,7,0
2001,27081,43720.04,26.52,7,0
2001,27081,43720.04,,7,0
2001,27081,43720.04,25.59,7,0
2001,27081,43720.04,26.02,7,0
2001,27081,43720.04,25.33,7,0
2001,27081,,24.5,7,0
2001,27081,43720.04,26.32,7,0
2001,27081,43720.04,25.86,7,0
2001,27081,43720.04,25.82,7,0
2001,27081,43720.04,25.34,7,0
2001,27081,43720.04,26.91,7,0
2001,27081,43720.04,24.76,7,0
2001,27081,43720.04,26.9,7,0
2001,27081,43720.04,26.9,7,0
2001,27081,,,7,0
2002,272746,,26.66,0,1
2002,272746,42482.56,,0,1
2002,272746,,26.79,0,1
2002,272746,42482.56,24.91,0,1
2002,272746,42482.56,25.76,0,1
2002,272746,42482.56,26.55,0,1
2002,272746,42482.56,26.63,0,1
2002,272746,42482.56,26.7,0,1
2002,272746,,27.67,0,1
2002,272746,42482.56,26.15,0,1
2002,272746,42482.56,27.03,0,1
2002,272746,42482.56,26.12,0,1
2002,272746,42482.56,24.91,0,1
2002,272746,42482.56,,0,1
2002,272746,42482.56,26.63,0,1
2002,272746,42482.56,26.06,0,1
2002,272746,42482.56,25.58,0,1
2002,272746,42482.56,27.15,0,1
2002,272746,42482.56,25.07,0,1
2002,272746,42482.56,27.35,0,1
2002,272746,42482.56,27.35,0,1
2002,272746,42482.56,26.49,0,1
2002,16807,42482.56,26.66,1,0
2002,16807,42482.56,27.72,1,0
2002,16807,,26.79,1,0
2002,16807,42482.56,24.91,1,0
2002,16807,42482.56,,1,0
2002,16807,42482.56,26.55,1,0
2002,16807,42482.56,26.63,1,0
2002,16807,42482.56,26.7,1,0
2002,16807,42482.56,,1,0
2002,16807,42482.56,26.15,1,0
2002,16807,42482.56,27.03,1,0
2002,16807,42482.56,26.12,1,0
2002,16807,42482.56,24.91,1,0
2002,16807,42482.56,26.75,1,0
2002,16807,42482.56,26.63,1,0
2002,16807,42482.56,,1,0
2002,16807,42482.56,25.58,1,0
2002,16807,42482.56,27.15,1,0
2002,16807,42482.56,25.07,1,0
2002,16807,42482.56,,1,0
2002,16807,42482.56,27.35,1,0
2002,16807,42482.56,26.49,1,0
2002,194173,42482.56,26.66,2,1
2002,194173,42482.56,27.72,2,1
2002,194173,42482.56,26.79,2,1
2002,194173,42482.56,24.91,2,1
2002,194173,42482.56,25.76,2,1
2002,194173,42482.56,26.55,2,1
2002,194173,42482.56,26.63,2,1
2002,194173,,26.7,2,1
2002,194173,42482.56,27.67,2,1
2002,194173,42482.56,,2,1
2002,194173,42482.56,27.03,2,1
2002,194173,42482.56,,2,1
2002,194173,42482.56,24.91,2,1
2002,194173,42482.56,,2,1
2002,194173,42482.56,26.63,2,1
2002,194173,42482.56,26.06,2,1
2002,194173,42482.56,25.58,2,1
2002,194173,42482.56,27.15,2,1
2002,194173,42482.56,25.07,2,1
2002,194173,42482.56,27.35,2,1
2002,194173,42482.56,27.35,2,1
2002,194173,42482.56,26.49,2,1
2002,26163,42482.56,26.66,3,0
2002,26163,42482.56,27.72,3,0
2002,26163,42482.56,26.79,3,0
2002,26163,42482.56,24.91,3,0
2002,26163,42482.56,25.76,3,0
2002,26163,42482.56,26.55,3,0
2002,26163,42482.56,26.63,3,0
2002,26163,42482.56,26.7,3,0
2002,26163,42482.56,,3,0
2002,26163,,26.15,3,0
2002,26163,42482.56,27.03,3,0
2002,26163,42482.56,26.12,3,0
2002,26163,42482.56,24.91,3,0
2002,26163,42482.56,26.75,3,0
2002,26163,42482.56,26.63,3,0
2002,26163,42482.56,26.06,3,0
2002,26163,42482.56,25.58,3,0
2002,26163,42482.56,27.15,3,0
2002,26163,42482.56,25.07,3,0
2002,26163,42482.56,27.35,3,0
2002,26163,42482.56,27.35,3,0
2002,26163,42482.56,26.49,3,0
2002,7602,,26.66,4,0
2002,7602,42482.56,27.72,4,0
2002,7602,42482.56,26.79,4,0
2002,7602,42482.56,24.91,4,0
2002,7602,42482.56,25.76,4,0
2002,7602,42482.56,26.55,4,0
2002,7602,42482.56,26.63,4,0
2002,7602,42482.56,26.7,4,0
2002,7602,,27.67,4,0
2002,7602,42482.56,26.15,4,0
2002,7602,42482.56,27.03,4,0
2002,7602,42482.56,,4,0
2002,7602,,24.91,4,0
2002,7602,42482.56,26.75,4,0
2002,7602,42482.56,26.63,4,0
2002,7602,42482.56,26.06,4,0
2002,7602,42482.56,,4,0
2002,7602,42482.56,27.15,4,0
2002,7602,,25.07,4,0
2002,7602,42482.56,27.35,4,0
2002,7602,,27.35,4,0
2002,7602,,26.49,4,0
2002,7624,,26.66,5,0
2002,7624,42482.56,,5,0
2002,7624,42482.56,26.79,5,0
2002,7624,42482.56,24.91,5,0
2002,7624,42482.56,25.76,5,0
2002,7624,42482.56,26.55,5,0
2002,7624,42482.56,26.63,5,0
2002,7624,42482.56,26.7,5,0
2002,7624,42482.56,27.67,5,0
2002,7624,42482.56,,5,0
2002,7624,42482.56,27.03,5,0
2002,7624,42482.56,,5,0
2002,7624,,24.91,5,0
2002,7624,42482.56,26.75,5,0
2002,7624,42482.56,26.63,5,0
2002,7624,42482.56,26.06,5,0
2002,7624,42482.56,25.58,5,0
2002,7624,,27.15,5,0
2002,7624,42482.56,25.07,5,0
2002,7624,42482.56,27.35,5,0
2002,7624,42482.56,27.35,5,0
2002,7624,42482.56,26.49,5,0
2002,85694,42482.56,26.66,6,1
2002,85694,42482.56,27.72,6,1
2002,85694,42482.56,26.79,6,1
2002,85694,42482.56,24.91,6,1
2002,85694,42482.56,25.76,6,1
2002,85694,42482.56,,6,1
2002,85694,42482.56,26.63,6,1
2002,85694,42482.56,26.7,6,1
2002,85694,42482.56,27.67,6,1
2002,85694,42482.56,26.15,6,1
2002,85694,42482.56,27.03,6,1
2002,85694,42482.56,26.12,6,1
2002,85694,42482.56,,6,1
2002,85694,42482.56,,6,1
2002,85694,42482.56,26.63,6,1
2002,85694,42482.56,26.06,6,1
2002,85694,,25.58,6,1
2002,85694,42482.56,27.15,6,1
2002,85694,42482.56,25.07,6,1
2002,85694,42482.56,27.35,6,1
2002,85694,42482.56,27.35,6,1
2002,85694,42482.56,26.49,6,1
2002,27621,42482.56,26.66,7,0
2002,27621,42482.56,27.72,7,0
2002,27621,42482.56,26.79,7,0
2002,27621,42482.56,24.91,7,0
2002,27621,42482.56,,7,0
2002,27621,42482.56,26.55,7,0
2002,27621,42482.56,26.63,7,0
2002,27621,42482.56,26.7,7,0
2002,27621,42482.56,,7,0
2002,27621,42482.56,26.15,7,0
2002,27621,42482.56,27.03,7,0
2002,27621,42482.56,26.12,7,0
2002,27621,42482.56,24.91,7,0
2002,27621,42482.56,26.75,7,0
2002,27621,42482.56,26.63,7,0
2002,27621,42482.56,26.06,7,0
2002,27621,42482.56,25.58,7,0
2002,27621,42482.56,27.15,7,0
2002,27621,42482.56,,7,0
2002,27621,42482.56,,7,0
2002,27621,42482.56,27.35,7,0
2002,27621,42482.56,26.49,7,0
2004,270436,35113,26.11,0,1
2004,270436,35113,27.63,0,1
2004,270436,35113,26.25,0,1
2004,270436,35113,24.85,0,1
2004,270436,35113,25.25,0,1
2004,270436,35113,26.22,0,1
2004,270436,35113,26.24,0,1
2004,270436,35113,26.63,0,1
2004,270436,35113,27.23,0,1
2004,270436,35113,25.98,0,1
2004,270436,,26.64,0,1
2004,270436,35113,25.59,0,1
2004,270436,35113,24.85,0,1
2004,270436,35113,26.41,0,1
2004,270436,35113,26.24,0,1
2004,270436,35113,,0,1
2004,270436,35113,25.32,0,1
2004,270436,35113,27.16,0,1
2004,270436,35113,24.69,0,1
2004,270436,,27.29,0,1
2004,270436,35113,27.29,0,1
2004,270436,35113,25.95,0,1
2004,19073,35113,26.11,1,0
2004,19073,35113,27.63,1,0
2004,19073,35113,26.25,1,0
2004,19073,35113,24.85,1,0
2004,19073,35113,25.25,1,0
2004,19073,35113,26.22,1,0
2004,19073,35113,26.24,1,0
2004,19073,35113,26.63,1,0
2004,19073,35113,27.23,1,0
2004,19073,35113,25.98,1,0
2004,19073,35113,26.64,1,0
2004,19073,35113,25.59,1,0
2004,19073,35113,24.85,1,0
2004,19073,35113,26.41,1,0
2004,19073,35113,26.24,1,0
2004,19073,35113,25.69,1,0
2004,19073,,25.32,1,0
2004,19073,35113,27.16,1,0
2004,19073,35113,24.69,1,0
2004,19073,35113,27.29,1,0
2004,19073,35113,27.29,1,0
2004,19073,35113,25.95,1,0
2004,188091,35113,26.11,2,1
2004,188091,35113,27.63,2,1
2004,188091,35113,26.25,2,1
2004,188091,35113,24.85,2,1
2004,188091,35113,25.25,2,1
2004,188091,35113,26.22,2,1
2004,188091,35113,26.24,2,1
2004,188091,35113,26.63,2,1
2004,188091,35113,27.23,2,1
2004,188091,35113,25.98,2,1
2004,188091,35113,26.64,2,1
2004,188091,35113,25.59,2,1
2004,188091,35113,24.85,2,1
2004,188091,35113,26.41,2,1
2004,188091,35113,26.24,2,1
2004,188091,35113,25.69,2,1
2004,188091,,25.32,2,1
2004,188091,,27.16,2,1
2004,188091,,24.69,2,1
2004,188091,35113,27.29,2,1
2004,188091,35113,27.29,2,1
2004,188091,35113,25.95,2,1
2004,29756,35113,26.11,3,0
2004,29756,35113,27.63,3,0
2004,29756,35113,26.25,3,0
2004,29756,35113,24.85,3,0
2004,29756,35113,25.25,3,0
2004,29756,35113,,3,0
2004,29756,35113,26.24,3,0
2004,29756,35113,26.63,3,0
2004,29756,35113,27.23,3,0
2004,29756,,,3,0
2004,29756,35113,26.64,3,0
2004,29756,35113,25.59,3,0
2004,29756,35113,24.85,3,0
2004,29756,35113,26.41,3,0
2004,29756,35113,26.24,3,0
2004,29756,35113,25.69,3,0
2004,29756,35113,,3,0
2004,29756,35113,27.16,3,0
2004,29756,35113,24.69,3,0
2004,29756,35113,27.29,3,0
2004,29756,35113,,3,0
2004,29756,35113,25.95,3,0
2004,7161,35113,26.11,4,0
2004,7161,35113,27.63,4,0
2004,7161,35113,26.25,4,0
2004,7161,35113,24.85,4,0
2004,7161,35113,25.25,4,0
2004,7161,35113,26.22,4,0
2004,7161,35113,26.24,4,0
2004,7161,,26.63,4,0
2004,7161,35113,27.23,4,0
2004,7161,35113,25.98,4,0
2004,7161,35113,26.64,4,0
2004,7161,35113,25.59,4,0
2004,7161,35113,24.85,4,0
2004,7161,35113,,4,0
2004,7161,35113,26.24,4,0
2004,7161,35113,25.69,4,0
2004,7161,35113,25.32,4,0
2004,7161,35113,27.16,4,0
2004,7161,,24.69,4,0
2004,7161,35113,27.29,4,0
2004,7161,35113,27.29,4,0
2004,7161,35113,25.95,4,0
2004,9082,35113,26.11,5,0
2004,9082,35113,27.63,5,0
2004,9082,35113,26.25,5,0
2004,9082,35113,,5,0
2004,9082,35113,25.25,5,0
2004,9082,35113,26.22,5,0
2004,9082,35113,26.24,5,0
2004,9082,35113,26.63,5,0
2004,9082,35113,27.23,5,0
2004,9082,,25.98,5,0
2004,9082,,26.64,5,0
2004,9082,35113,25.59,5,0
2004,9082,35113,24.85,5,0
2004,9082,35113,26.41,5,0
2004,9082,35113,26.24,5,0
2004,9082,35113,25.69,5,0
2004,9082,35113,25.32,5,0
2004,9082,35113,27.16,5,0
2004,9082,35113,24.69,5,0
2004,9082,35113,27.29,5,0
2004,9082,35113,27.29,5,0
2004,9082,35113,25.95,5,0
2004,88588,35113,26.11,6,1
2004,88588,35113,27.63,6,1
2004,88588,35113,26.25,6,1
2004,88588,35113,24.85,6,1
2004,88588,35113,25.25,6,1
2004,88588,35113,26.22,6,1
2004,88588,,26.24,6,1
2004,88588,,,6,1
2004,88588,35113,27.23,6,1
2004,88588,,25.98,6,1
2004,88588,35113,26.64,6,1
2004,88588,35113,25.59,6,1
2004,88588,35113,24.85,6,1
2004,88588,35113,26.41,6,1
2004,88588,35113,26.24,6,1
2004,88588,,,6,1
2004,88588,35113,25.32,6,1
2004,88588,35113,27.16,6,1
2004,88588,35113,24.69,6,1
2004,88588,35113,27.29,6,1
2004,88588,35113,,6,1
2004,88588,35113,25.95,6,1
2004,27132,35113,26.11,7,0
2004,27132,35113,27.63,7,0
2004,27132,35113,26.25,7,0
2004,27132,35113,24.85,7,0
2004,27132,35113,25.25,7,0
2004,27132,35113,,7,0
2004,27132,35113,26.24,7,0
2004,27132,35113,26.63,7,0
2004,27132,35113,27.23,7,0
2004,27132,35113,25.98,7,0
2004,27132,35113,,7,0
2004,27132,35113,25.59,7,0
2004,27132,,24.85,7,0
2004,27132,35113,26.41,7,0
2004,27132,,26.24,7,0
2004,27132,35113,,7,0
2004,27132,35113,25.32,7,0
2004,27132,35113,27.16,7,0
2004,27132,35113,24.69,7,0
2004,27132,35113,27.29,7,0
2004,27132,35113,27.29,7,0
2004,27132,35113,25.95,7,0
2005,304978,,,0,1
2005,304978,35342,26.83,0,1
2005,304978,35342,26.28,0,1
2005,304978,35342,24.12,0,1
2005,304978,35342,25.48,0,1
2005,304978,35342,25.82,0,1
2005,304978,35342,25.72,0,1
2005,304978,35342,,0,1
2005,304978,,27.49,0,1
2005,304978,35342,25.4,0,1
2005,304978,35342,25.77,0,1
2005,304978,35342,25.62,0,1
2005,304978,35342,,0,1
2005,304978,35342,,0,1
2005,304978,,25.72,0,1
2005,304978,35342,26.11,0,1
2005,304978,35342,25.09,0,1
2005,304978,35342,26.51,0,1
2005,304978,35342,,0,1
2005,304978,,26.72,0,1
2005,304978,35342,26.72,0,1
2005,304978,35342,26.3,0,1
2005,19385,35342,25.85,1,0
2005,19385,35342,26.83,1,0
2005,19385,35342,26.28,1,0
2005,19385,35342,24.12,1,0
2005,19385,35342,25.48,1,0
2005,19385,35342,,1,0
2005,19385,,25.72,1,0
2005,19385,35342,26.73,1,0
2005,19385,,27.49,1,0
2005,19385,35342,25.4,1,0
2005,96925,35342,75.77,1,1
2005,19385,35342,25.62,1,0
2005,19385,35342,24.12,1,0
2005,19385,35342,26.23,1,0
2005,19385,35342,,1,0
2005,19385,35342,26.11,1,0
2005,19385,,25.09,1,0
2005,19385,35342,26.51,1,0
2005,19385,35342,25.07,1,0
2005,19385,35342,26.72,1,0
2005,19385,35342,,1,0
2005,19385,35342,26.3,1,0
2005,188908,35342,25.85,2,1
2005,188908,35342,26.83,2,1
2005,188908,35342,,2,1
2005,188908,35342,24.12,2,1
2005,188908,,25.48,2,1
2005,188908,35342,25.82,2,1
2005,188908,35342,25.72,2,1
2005,188908,35342,26.73,2,1
2005,188908,35342,27.49,2,1
2005,188908,35342,25.4,2,1
2005,188908,35342,25.77,2,1
2005,188908,35342,25.62,2,1
2005,188908,35342,24.12,2,1
2005,188908,35342,26.23,2,1
2005,188908,35342,25.72,2,1
2005,188908,35342,26.11,2,1
2005,188908,35342,25.09,2,1
2005,188908,35342,26.51,2,1
2005,188908,,25.07,2,1
2005,188908,35342,26.72,2,1
2005,188908,35342,26.72,2,1
2005,188908,35342,26.3,2,1
2005,31537,35342,25.85,3,1
2005,31537,35342,,3,1
2005,31537,35342,26.28,3,1
2005,31537,35342,24.12,3,1
2005,31537,35342,25.48,3,1
2005,31537,35342,25.82,3,1
2005,31537,35342,25.72,3,1
2005,31537,35342,26.73,3,1
2005,31537,35342,27.49,3,1
2005,31537,35342,25.4,3,1
2005,31537,35342,25.77,3,1
2005,31537,35342,25.62,3,1
2005,31537,35342,24.12,3,1
2005,31537,35342,26.23,3,1
2005,31537,35342,,3,1
2005,31537,,,3,1
2005,31537,35342,,3,1
2005,31537,,26.51,3,1
2005,31537,35342,25.07,3,1
2005,31537,35342,26.72,3,1
2005,31537,35342,26.72,3,1
2005,31537,35342,26.3,3,1
2005,7968,35342,25.85,4,0
2005,7968,35342,,4,0
2005,7968,35342,26.28,4,0
2005,7968,35342,24.12,4,0
2005,7968,35342,25.48,4,0
2005,7968,35342,25.82,4,0
2005,7968,,25.72,4,0
2005,7968,35342,26.73,4,0
2005,7968,35342,27.49,4,0
2005,7968,35342,25.4,4,0
2005,7968,35342,25.77,4,0
2005,7968,35342,25.62,4,0
2005,7968,35342,24.12,4,0
2005,7968,35342,,4,0
2005,7968,35342,25.72,4,0
2005,7968,35342,26.11,4,0
2005,7968,35342,,4,0
2005,39840,35342,76.51,4,1
2005,7968,35342,25.07,4,0
2005,7968,35342,26.72,4,0
2005,7968,35342,26.72,4,0
2005,7968,35342,26.3,4,0
2005,10734,35342,25.85,5,0
2005,10734,,26.83,5,0
2005,10734,35342,26.28,5,0
2005,10734,35342,24.12,5,0
2005,10734,35342,25.48,5,0
2005,10734,35342,25.82,5,0
2005,10734,35342,25.72,5,0
2005,10734,35342,,5,0
2005,10734,35342,27.49,5,0
2005,10734,35342,25.4,5,0
2005,10734,35342,25.77,5,0
2005,10734,,25.62,5,0
2005,10734,35342,24.12,5,0
2005,10734,35342,26.23,5,0
2005,10734,35342,25.72,5,0
2005,10734,35342,26.11,5,0
2005,10734,35342,25.09,5,0
2005,10734,35342,26.51,5,0
2005,10734,35342,25.07,5,0
2005,10734,35342,26.72,5,0
2005,10734,35342,26.72,5,0
2005,10734,,26.3,5,0
2005,88477,35342,25.85,6,1
2005,88477,35342,,6,1
2005,88477,35342,26.28,6,1
2005,88477,35342,24.12,6,1
2005,88477,35342,25.48,6,1
2005,88477,35342,25.82,6,1
2005,88477,35342,25.72,6,1
2005,88477,35342,,6,1
2005,88477,,27.49,6,1
2005,88477,35342,25.4,6,1
2005,88477,35342,25.77,6,1
2005,88477,35342,,6,1
2005,88477,35342,24.12,6,1
2005,88477,35342,26.23,6,1
2005,88477,35342,25.72,6,1
2005,88477,35342,26.11,6,1
2005,88477,35342,25.09,6,1
2005,88477,35342,26.51,6,1
2005,88477,35342,,6,1
2005,88477,35342,,6,1
2005,88477,,26.72,6,1
2005,88477,35342,26.3,6,1
2005,26016,35342,25.85,7,0
2005,26016,35342,26.83,7,0
2005,26016,35342,26.28,7,0
2005,26016,35342,,7,0
2005,26016,35342,25.48,7,0
2005,26016,35342,25.82,7,0
2005,26016,35342,25.72,7,0
2005,26016,35342,26.73,7,0
2005,26016,35342,27.49,7,0
2005,26016,35342,25.4,7,0
2005,26016,35342,,7,0
2005,26016,35342,25.62,7,0
2005,26016,35342,24.12,7,0
2005,26016,35342,26.23,7,0
2005,26016,,25.72,7,0
2005,26016,35342,26.11,7,0
2005,26016,35342,25.09,7,0
2005,26016,35342,26.51,7,0
2005,26016,35342,25.07,7,0
2005,26016,35342,26.72,7,0
2005,26016,35342,26.72,7,0
2005,26016,35342,26.3,7,0
2006,321132,37423,26.34,0,1
2006,321132,,27.28,0,1
2006,321132,37423,26.39,0,1
2006,321132,37423,24.72,0,1
2006,321132,37423,25.42,0,1
2006,321132,37423,26.04,0,1
2006,321132,37423,26.37,0,1
2006,321132,37423,26.99,0,1
2006,321132,37423,27.47,0,1
2006,321132,37423,25.78,0,1
2006,321132,37423,26.43,0,1
2006,321132,37423,25.85,0,1
2006,321132,37423,24.72,0,1
2006,321132,37423,26.37,0,1
2006,321132,37423,26.37,0,1
2006,321132,37423,26.13,0,1
2006,321132,,25.31,0,1
2006,321132,37423,26.94,0,1
2006,321132,37423,24.98,0,1
2006,321132,37423,27.15,0,1
2006,321132,37423,27.15,0,1
2006,321132,37423,26.28,0,1
2006,19125,37423,26.34,1,0
2006,19125,37423,27.28,1,0
2006,19125,37423,26.39,1,0
2006,19125,37423,24.72,1,0
2006,19125,37423,25.42,1,0
2006,19125,37423,26.04,1,0
2006,19125,,,1,0
2006,19125,37423,26.99,1,0
2006,19125,37423,27.47,1,0
2006,19125,,25.78,1,0
2006,19125,37423,26.43,1,0
2006,19125,37423,25.85,1,0
2006,19125,37423,24.72,1,0
2006,19125,37423,26.37,1,0
2006,19125,37423,,1,0
2006,19125,37423,26.13,1,0
2006,19125,37423,25.31,1,0
2006,19125,37423,26.94,1,0
2006,19125,37423,24.98,1,0
2006,19125,,27.15,1,0
2006,19125,37423,27.15,1,0
2006,19125,,26.28,1,0
2006,185920,37423,26.34,2,1
2006,185920,37423,27.28,2,1
2006,185920,,26.39,2,1
2006,185920,37423,24.72,2,1
2006,185920,37423,25.42,2,1
2006,185920,37423,26.04,2,1
2006,185920,37423,26.37,2,1
2006,185920,37423,26.99,2,1
2006,185920,37423,27.47,2,1
2006,185920,,25.78,2,1
2006,185920,37423,26.43,2,1
2006,185920,37423,25.85,2,1
2006,185920,37423,24.72,2,1
2006,185920,37423,26.37,2,1
2006,185920,37423,26.37,2,1
2006,185920,37423,,2,1
2006,185920,37423,25.31,2,1
2006,185920,37423,26.94,2,1
2006,185920,37423,24.98,2,1
2006,185920,37423,27.15,2,1
2006,185920,37423,27.15,2,1
2006,185920,37423,,2,1
2006,31759,37423,26.34,3,1
2006,31759,,27.28,3,1
2006,31759,37423,26.39,3,1
2006,31759,,24.72,3,1
2006,31759,,25.42,3,1
2006,31759,37423,26.04,3,1
2006,31759,37423,26.37,3,1
2006,31759,37423,26.99,3,1
2006,31759,37423,27.47,3,1
2006,31759,37423,,3,1
2006,31759,37423,26.43,3,1
2006,31759,37423,25.85,3,1
2006,31759,37423,,3,1
2006,31759,37423,26.37,3,1
2006,31759,37423,26.37,3,1
2006,31759,37423,26.13,3,1
2006,31759,37423,25.31,3,1
2006,31759,37423,26.94,3,1
2006,31759,37423,24.98,3,1
2006,31759,37423,27.15,3,1
2006,31759,37423,27.15,3,1
2006,31759,37423,26.28,3,1
2006,8803,37423,26.34,4,0
2006,8803,37423,,4,0
2006,8803,37423,26.39,4,0
2006,8803,37423,24.72,4,0
2006,8803,37423,25.42,4,0
2006,8803,37423,,4,0
2006,8803,37423,26.37,4,0
2006,8803,,26.99,4,0
2006,8803,37423,27.47,4,0
2006,8803,37423,25.78,4,0
2006,8803,37423,26.43,4,0
2006,8803,37423,25.85,4,0
2006,8803,37423,24.72,4,0
2006,8803,,26.37,4,0
2006,8803,37423,26.37,4,0
2006,8803,37423,26.13,4,0
2006,8803,37423,25.31,4,0
2006,8803,37423,26.94,4,0
2006,8803,37423,24.98,4,0
2006,8803,37423,27.15,4,0
2006,8803,37423,27.15,4,0
2006,8803,37423,,4,0
2006,53140,37423,76.34,5,1
2006,10628,37423,27.28,5,0
2006,10628,37423,26.39,5,0
2006,10628,,24.72,5,0
2006,10628,37423,25.42,5,0
2006,10628,37423,26.04,5,0
2006,10628,37423,26.37,5,0
2006,10628,37423,26.99,5,0
2006,10628,37423,27.47,5,0
2006,10628,37423,25.78,5,0
2006,10628,37423,26.43,5,0
2006,10628,37423,25.85,5,0
2006,10628,37423,24.72,5,0
2006,10628,37423,26.37,5,0
2006,10628,37423,,5,0
2006,10628,37423,26.13,5,0
2006,10628,37423,25.31,5,0
2006,10628,37423,,5,0
2006,10628,37423,,5,0
2006,10628,37423,,5,0
2006,10628,,27.15,5,0
2006,10628,37423,26.28,5,0
2006,86849,37423,,6,1
2006,86849,37423,27.28,6,1
2006,86849,37423,26.39,6,1
2006,86849,37423,24.72,6,1
2006,86849,37423,25.42,6,1
2006,86849,,26.04,6,1
2006,86849,37423,26.37,6,1
2006,86849,37423,26.99,6,1
2006,86849,37423,27.47,6,1
2006,86849,37423,25.78,6,1
2006,86849,37423,26.43,6,1
2006,86849,,25.85,6,1
2006,86849,37423,24.72,6,1
2006,86849,37423,,6,1
2006,86849,37423,26.37,6,1
2006,86849,37423,26.13,6,1
2006,86849,,25.31,6,1
2006,86849,37423,26.94,6,1
2006,86849,37423,24.98,6,1
2006,86849,37423,,6,1
2006,86849,37423,27.15,6,1
2006,86849,,26.28,6,1
2006,26188,37423,26.34,7,0
2006,26188,37423,27.28,7,0
2006,26188,37423,26.39,7,0
2006,26188,37423,24.72,7,0
2006,26188,37423,25.42,7,0
2006,26188,37423,26.04,7,0
2006,26188,37423,26.37,7,0
2006,26188,37423,26.99,7,0
2006,26188,37423,27.47,7,0
2006,130940,37423,75.78,7,1
2006,26188,37423,26.43,7,0
2006,26188,37423,25.85,7,0
2006,26188,37423,24.72,7,0
2006,26188,37423,26.37,7,0
2006,26188,37423,26.37,7,0
2006,26188,37423,26.13,7,0
2006,26188,37423,,7,0
2006,26188,,26.94,7,0
2006,26188,,24.98,7,0
2006,26188,37423,27.15,7,0
2006,26188,37423,27.15,7,0
2006,26188,37423,26.28,7,0
2007,322204,27422.77,26,0,1
2007,322204,27422.77,27.51,0,1
2007,322204,27422.77,25.98,0,1
2007,322204,27422.77,24.6,0,1
2007,322204,27422.77,25.46,0,1
2007,322204,27422.77,25.95,0,1
2007,322204,27422.77,26.15,0,1
2007,322204,,26.58,0,1
2007,322204,,27.55,0,1
2007,322204,27422.77,,0,1
2007,322204,27422.77,26.27,0,1
2007,322204,27422.77,25.44,0,1
2007,322204,,,0,1
2007,322204,27422.77,26.39,0,1
2007,322204,27422.77,,0,1
2007,322204,27422.77,25.59,0,1
2007,322204,27422.77,,0,1
2007,322204,27422.77,27.23,0,1
2007,322204,,24.59,0,1
2007,322204,27422.77,,0,1
2007,322204,27422.77,27.31,0,1
2007,322204,27422.77,25.82,0,1
2007,23352,27422.77,26,1,0
2007,23352,27422.77,27.51,1,0
2007,23352,27422.77,25.98,1,0
2007,23352,,24.6,1,0
2007,23352,27422.77,25.46,1,0
2007,23352,27422.77,25.95,1,0
2007,23352,27422.77,26.15,1,0
2007,23352,27422.77,26.58,1,0
2007,23352,27422.77,,1,0
2007,23352,,25.66,1,0
2007,23352,27422.77,26.27,1,0
2007,23352,27422.77,,1,0
2007,23352,27422.77,24.6,1,0
2007,23352,27422.77,26.39,1,0
2007,23352,27422.77,26.15,1,0
2007,23352,27422.77,25.59,1,0
2007,23352,27422.77,25.58,1,0
2007,23352,27422.77,27.23,1,0
2007,23352,27422.77,24.59,1,0
2007,23352,27422.77,,1,0
2007,23352,27422.77,27.31,1,0
2007,23352,27422.77,25.82,1,0
2007,164101,27422.77,26,2,1
2007,164101,27422.77,27.51,2,1
2007,164101,27422.77,25.98,2,1
2007,164101,27422.77,24.6,2,1
2007,164101,27422.77,25.46,2,1
2007,164101,27422.77,25.95,2,1
2007,164101,,26.15,2,1
2007,164101,27422.77,26.58,2,1
2007,164101,27422.77,27.55,2,1
2007,164101,27422.77,25.66,2,1
2007,164101,,26.27,2,1
2007,164101,27422.77,25.44,2,1
2007,164101,27422.77,24.6,2,1
2007,164101,27422.77,26.39,2,1
2007,164101,27422.77,26.15,2,1
2007,164101,27422.77,25.59,2,1
2007,164101,27422.77,25.58,2,1
2007,164101,27422.77,,2,1
2007,164101,27422.77,24.59,2,1
2007,164101,27422.77,27.31,2,1
2007,164101,27422.77,27.31,2,1
2007,164101,27422.77,25.82,2,1
2007,32924,27422.77,26,3,1
2007,32924,27422.77,27.51,3,1
2007,32924,27422.77,,3,1
2007,32924,27422.77,24.6,3,1
2007,32924,27422.77,25.46,3,1
2007,32924,27422.77,25.95,3,1
2007,32924,27422.77,26.15,3,1
2007,32924,27422.77,26.58,3,1
2007,32924,,27.55,3,1
2007,32924,27422.77,25.66,3,1
2007,32924,27422.77,,3,1
2007,32924,27422.77,25.44,3,1
2007,32924,27422.77,24.6,3,1
2007,32924,27422.77,26.39,3,1
2007,32924,27422.77,26.15,3,1
2007,32924,27422.77,25.59,3,1
2007,32924,27422.77,25.58,3,1
2007,32924,27422.77,27.23,3,1
2007,32924,,24.59,3,1
2007,32924,27422.77,27.31,3,1
2007,32924,27422.77,27.31,3,1
2007,32924,27422.77,25.82,3,1
2007,8443,27422.77,26,4,0
2007,8443,27422.77,27.51,4,0
2007,8443,27422.77,25.98,4,0
2007,8443,27422.77,24.6,4,0
2007,8443,27422.77,,4,0
2007,8443,27422.77,25.95,4,0
2007,8443,27422.77,26.15,4,0
2007,8443,27422.77,26.58,4,0
2007,8443,27422.77,27.55,4,0
2007,8443,27422.77,25.66,4,0
2007,8443,,26.27,4,0
2007,8443,27422.77,25.44,4,0
2007,8443,27422.77,24.6,4,0
2007,8443,27422.77,26.39,4,0
2007,8443,,,4,0
2007,8443,27422.77,25.59,4,0
2007,8443,27422.77,25.58,4,0
2007,8443,27422.77,27.23,4,0
2007,8443,27422.77,24.59,4,0
2007,8443,27422.77,27.31,4,0
2007,8443,,27.31,4,0
2007,8443,27422.77,25.82,4,0
2007,12351,,26,5,0
2007,12351,27422.77,27.51,5,0
2007,12351,27422.77,25.98,5,0
2007,12351,27422.77,24.6,5,0
2007,12351,27422.77,,5,0
2007,12351,27422.77,25.95,5,0
2007,12351,27422.77,,5,0
2007,12351,27422.77,26.58,5,0
2007,12351,27422.77,27.55,5,0
2007,12351,27422.77,25.66,5,0
2007,12351,27422.77,26.27,5,0
2007,12351,27422.77,25.44,5,0
2007,12351,27422.77,24.6,5,0
2007,12351,27422.77,26.39,5,0
2007,12351,27422.77,26.15,5,0
2007,12351,27422.77,25.59,5,0
2007,12351,27422.77,25.58,5,0
2007,12351,27422.77,27.23,5,0
2007,12351,27422.77,,5,0
2007,12351,27422.77,27.31,5,0
2007,12351,27422.77,27.31,5,0
2007,12351,27422.77,25.82,5,0
2007,86976,27422.77,26,6,1
2007,86976,27422.77,27.51,6,1
2007,86976,,25.98,6,1
2007,86976,27422.77,24.6,6,1
2007,86976,,25.46,6,1
2007,86976,,,6,1
2007,86976,,26.15,6,1
2007,86976,27422.77,26.58,6,1
2007,86976,27422.77,27.55,6,1
2007,86976,27422.77,25.66,6,1
2007,86976,27422.77,26.27,6,1
2007,86976,27422.77,25.44,6,1
2007,86976,27422.77,24.6,6,1
2007,86976,27422.77,26.39,6,1
2007,86976,27422.77,26.15,6,1
2007,86976,27422.77,25.59,6,1
2007,86976,27422.77,25.58,6,1
2007,86976,27422.77,27.23,6,1
2007,86976,27422.77,24.59,6,1
2007,86976,27422.77,27.31,6,1
2007,86976,,27.31,6,1
2007,86976,27422.77,25.82,6,1
2007,27079,27422.77,26,7,0
2007,27079,27422.77,27.51,7,0
2007,27079,27422.77,25.98,7,0
2007,27079,27422.77,24.6,7,0
2007,27079,27422.77,25.46,7,0
2007,27079,27422.77,25.95,7,0
2007,27079,,26.15,7,0
2007,27079,27422.77,26.58,7,0
2007,27079,27422.77,27.55,7,0
2007,27079,27422.77,25.66,7,0
2007,27079,27422.77,26.27,7,0
2007,27079,27422.77,25.44,7,0
2007,27079,27422.77,24.6,7,0
2007,27079,,26.39,7,0
2007,27079,27422.77,26.15,7,0
2007,27079,27422.77,25.59,7,0
2007,27079,27422.77,25.58,7,0
2007,27079,27422.77,27.23,7,0
2007,27079,27422.77,24.59,7,0
2007,27079,27422.77,27.31,7,0
2007,27079,,27.31,7,0
2007,27079,27422.77,25.82,7,0
2008,335407,14485.33,25.57,0,1
2008,335407,,27.05,0,1
2008,335407,14485.33,25.78,0,1
2008,335407,,24.25,0,1
2008,335407,14485.33,25.35,0,1
2008,335407,14485.33,25.65,0,1
2008,335407,14485.33,25.68,0,1
2008,335407,14485.33,26.52,0,1
2008,335407,14485.33,27.45,0,1
2008,335407,14485.33,25.3,0,1
2008,335407,14485.33,25.88,0,1
2008,335407,,25.11,0,1
2008,335407,14485.33,24.25,0,1
2008,335407,,26.19,0,1
2008,335407,14485.33,25.68,0,1
2008,335407,14485.33,25.56,0,1
2008,335407,14485.33,25.23,0,1
2008,1677035,14485.33,76.51,0,1
2008,335407,14485.33,24.51,0,1
2008,335407,14485.33,26.83,0,1
2008,335407,14485.33,26.83,0,1
2008,335407,14485.33,25.66,0,1
2008,24140,14485.33,25.57,1,0
2008,24140,,27.05,1,0
2008,24140,14485.33,25.78,1,0
2008,24140,14485.33,24.25,1,0
2008,24140,,25.35,1,0
2008,24140,14485.33,25.65,1,0
2008,24140,14485.33,25.68,1,0
2008,24140,14485.33,26.52,1,0
2008,24140,14485.33,27.45,1,0
2008,24140,14485.33,25.3,1,0
2008,24140,,25.88,1,0
2008,24140,14485.33,25.11,1,0
2008,24140,14485.33,24.25,1,0
2008,24140,,26.19,1,0
2008,24140,14485.33,25.68,1,0
2008,24140,14485.33,25.56,1,0
2008,24140,14485.33,25.23,1,0
2008,24140,14485.33,,1,0
2008,24140,14485.33,24.51,1,0
2008,24140,14485.33,26.83,1,0
2008,24140,14485.33,26.83,1,0
2008,24140,14485.33,25.66,1,0
2008,192973,14485.33,25.57,2,1
2008,192973,,27.05,2,1
2008,192973,14485.33,25.78,2,1
2008,192973,14485.33,24.25,2,1
2008,192973,14485.33,,2,1
2008,192973,14485.33,25.65,2,1
2008,192973,14485.33,,2,1
2008,192973,14485.33,,2,1
2008,192973,14485.33,27.45,2,1
2008,192973,14485.33,25.3,2,1
2008,192973,14485.33,,2,1
2008,192973,14485.33,25.11,2,1
2008,192973,14485.33,24.25,2,1
2008,192973,14485.33,26.19,2,1
2008,192973,14485.33,25.68,2,1
2008,192973,14485.33,25.56,2,1
2008,192973,14485.33,25.23,2,1
2008,192973,14485.33,26.51,2,1
2008,192973,14485.33,24.51,2,1
2008,192973,14485.33,,2,1
2008,192973,14485.33,26.83,2,1
2008,192973,14485.33,25.66,2,1
2008,32509,14485.33,25.57,3,1
2008,32509,,27.05,3,1
2008,32509,14485.33,25.78,3,1
2008,32509,14485.33,,3,1
2008,32509,14485.33,25.35,3,1
2008,32509,14485.33,25.65,3,1
2008,32509,,25.68,3,1
2008,32509,14485.33,26.52,3,1
2008,32509,,27.45,3,1
2008,32509,14485.33,25.3,3,1
2008,32509,14485.33,25.88,3,1
2008,32509,,25.11,3,1
2008,32509,14485.33,24.25,3,1
2008,32509,14485.33,26.19,3,1
2008,32509,14485.33,25.68,3,1
2008,32509,14485.33,25.56,3,1
2008,32509,14485.33,25.23,3,1
2008,32509,14485.33,26.51,3,1
2008,32509,14485.33,24.51,3,1
2008,32509,14485.33,26.83,3,1
2008,32509,,26.83,3,1
2008,32509,14485.33,25.66,3,1
2008,10209,14485.33,25.57,4,0
2008,10209,14485.33,27.05,4,0
2008,10209,14485.33,25.78,4,0
2008,10209,,24.25,4,0
2008,10209,14485.33,25.35,4,0
2008,10209,14485.33,25.65,4,0
2008,10209,14485.33,25.68,4,0
2008,10209,14485.33,26.52,4,0
2008,10209,14485.33,27.45,4,0
2008,10209,14485.33,25.3,4,0
2008,10209,14485.33,25.88,4,0
2008,10209,14485.33,25.11,4,0
2008,10209,14485.33,24.25,4,0
2008,10209,14485.33,26.19,4,0
2008,10209,14485.33,25.68,4,0
2008,10209,14485.33,25.56,4,0
2008,10209,14485.33,25.23,4,0
2008,10209,14485.33,26.51,4,0
2008,10209,14485.33,24.51,4,0
2008,10209,,26.83,4,0
2008,10209,14485.33,26.83,4,0
2008,10209,14485.33,25.66,4,0
2008,10415,14485.33,25.57,5,0
2008,10415,14485.33,27.05,5,0
2008,10415,14485.33,25.78,5,0
2008,10415,14485.33,24.25,5,0
2008,10415,14485.33,25.35,5,0
2008,10415,14485.33,25.65,5,0
2008,10415,14485.33,25.68,5,0
2008,10415,14485.33,26.52,5,0
2008,10415,14485.33,27.45,5,0
2008,10415,14485.33,,5,0
2008,10415,14485.33,25.88,5,0
2008,10415,14485.33,25.11,5,0
2008,10415,,24.25,5,0
2008,10415,14485.33,26.19,5,0
2008,10415,14485.33,25.68,5,0
2008,10415,14485.33,25.56,5,0
2008,10415,14485.33,25.23,5,0
2008,10415,14485.33,26.51,5,0
2008,10415,14485.33,24.51,5,0
2008,10415,14485.33,26.83,5,0
2008,10415,14485.33,26.83,5,0
2008,10415,14485.33,25.66,5,0
2008,88943,14485.33,25.57,6,1
2008,88943,14485.33,27.05,6,1
2008,88943,14485.33,25.78,6,1
2008,88943,14485.33,24.25,6,1
2008,88943,14485.33,25.35,6,1
2008,88943,14485.33,25.65,6,1
2008,88943,14485.33,25.68,6,1
2008,88943,14485.33,26.52,6,1
2008,88943,14485.33,27.45,6,1
2008,88943,14485.33,25.3,6,1
2008,88943,14485.33,25.88,6,1
2008,88943,14485.33,25.11,6,1
2008,88943,14485.33,24.25,6,1
2008,88943,14485.33,26.19,6,1
2008,88943,14485.33,25.68,6,1
2008,88943,14485.33,25.56,6,1
2008,88943,14485.33,25.23,6,1
2008,88943,14485.33,26.51,6,1
2008,88943,14485.33,24.51,6,1
2008,88943,14485.33,26.83,6,1
2008,88943,,26.83,6,1
2008,88943,14485.33,25.66,6,1
2008,28022,14485.33,25.57,7,0
2008,28022,14485.33,,7,0
2008,28022,14485.33,25.78,7,0
2008,28022,14485.33,24.25,7,0
2008,28022,14485.33,25.35,7,0
2008,28022,14485.33,25.65,7,0
2008,28022,14485.33,25.68,7,0
2008,28022,14485.33,26.52,7,0
2008,28022,14485.33,27.45,7,0
2008,28022,14485.33,25.3,7,0
2008,28022,14485.33,25.88,7,0
2008,28022,14485.33,25.11,7,0
2008,28022,14485.33,24.25,7,0
2008,28022,,26.19,7,0
2008,28022,14485.33,25.68,7,0
2008,28022,14485.33,25.56,7,0
2008,28022,,25.23,7,0
2008,28022,14485.33,,7,0
2008,28022,14485.33,24.51,7,0
2008,28022,14485.33,26.83,7,0
2008,28022,14485.33,,7,0
2008,28022,14485.33,25.66,7,0
2009,343433,28707.01,26.55,0,1
2009,343433,28707.01,28.1,0,1
2009,343433,28707.01,26.76,0,1
2009,343433,28707.01,24.87,0,1
2009,343433,28707.01,25.73,0,1
2009,343433,,26.68,0,1
2009,343433,28707.01,26.55,0,1
2009,343433,28707.01,27.15,0,1
2009,343433,28707.01,28.03,0,1
2009,343433,28707.01,,0,1
2009,343433,28707.01,26.92,0,1
2009,343433,28707.01,25.99,0,1
2009,343433,28707.01,24.87,0,1
2009,343433,28707.01,27.14,0,1
2009,343433,28707.01,26.55,0,1
2009,343433,28707.01,26.31,0,1
2009,343433,28707.01,25.87,0,1
2009,343433,28707.01,27.43,0,1
2009,343433,28707.01,25.38,0,1
2009,343433,28707.01,27.82,0,1
2009,343433,28707.01,27.82,0,1
2009,343433,28707.01,26.55,0,1
2009,20238,28707.01,26.55,1,0
2009,20238,28707.01,28.1,1,0
2009,20238,28707.01,26.76,1,0
2009,20238,28707.01,,1,0
2009,20238,28707.01,25.73,1,0
2009,20238,28707.01,26.68,1,0
2009,20238,28707.01,26.55,1,0
2009,20238,28707.01,27.15,1,0
2009,20238,28707.01,28.03,1,0
2009,20238,28707.01,26.41,1,0
2009,20238,,26.92,1,0
2009,20238,28707.01,25.99,1,0
2009,20238,28707.01,24.87,1,0
2009,20238,28707.01,27.14,1,0
2009,20238,28707.01,26.55,1,0
2009,20238,28707.01,26.31,1,0
2009,20238,28707.01,25.87,1,0
2009,20238,28707.01,,1,0
2009,20238,28707.01,25.38,1,0
2009,20238,28707.01,27.82,1,0
2009,20238,28707.01,27.82,1,0
2009,20238,28707.01,26.55,1,0
2009,188103,,26.55,2,1
2009,188103,28707.01,28.1,2,1
2009,188103,28707.01,26.76,2,1
2009,188103,28707.01,24.87,2,1
2009,188103,28707.01,25.73,2,1
2009,188103,28707.01,26.68,2,1
2009,188103,28707.01,26.55,2,1
2009,188103,28707.01,,2,1
2009,188103,28707.01,28.03,2,1
2009,188103,28707.01,26.41,2,1
2009,188103,28707.01,26.92,2,1
2009,188103,28707.01,25.99,2,1
2009,188103,28707.01,24.87,2,1
2009,188103,28707.01,27.14,2,1
2009,188103,28707.01,26.55,2,1
2009,188103,28707.01,26.31,2,1
2009,188103,28707.01,25.87,2,1
2009,188103,28707.01,27.43,2,1
2009,188103,28707.01,25.38,2,1
2009,188103,28707.01,27.82,2,1
2009,188103,28707.01,27.82,2,1
2009,188103,28707.01,26.55,2,1
2009,32366,,26.55,3,1
2009,32366,28707.01,28.1,3,1
2009,32366,28707.01,,3,1
2009,32366,28707.01,24.87,3,1
2009,32366,28707.01,25.73,3,1
2009,32366,28707.01,26.68,3,1
2009,32366,28707.01,26.55,3,1
2009,32366,28707.01,27.15,3,1
2009,32366,28707.01,28.03,3,1
2009,32366,28707.01,26.41,3,1
2009,32366,28707.01,26.92,3,1
2009,32366,28707.01,25.99,3,1
2009,32366,28707.01,24.87,3,1
2009,32366,28707.01,27.14,3,1
2009,32366,28707.01,26.55,3,1
2009,32366,28707.01,26.31,3,1
2009,32366,28707.01,25.87,3,1
2009,32366,28707.01,27.43,3,1
2009,32366,28707.01,25.38,3,1
2009,32366,28707.01,27.82,3,1
2009,32366,28707.01,27.82,3,1
2009,32366,28707.01,26.55,3,1
2009,9621,28707.01,26.55,4,0
2009,9621,28707.01,28.1,4,0
2009,9621,28707.01,26.76,4,0
2009,9621,28707.01,24.87,4,0
2009,9621,28707.01,25.73,4,0
2009,9621,28707.01,26.68,4,0
2009,9621,28707.01,26.55,4,0
2009,9621,28707.01,,4,0
2009,9621,28707.01,28.03,4,0
2009,9621,28707.01,26.41,4,0
2009,9621,28707.01,26.92,4,0
2009,9621,28707.01,25.99,4,0
2009,9621,28707.01,24.87,4,0
2009,9621,,27.14,4,0
2009,9621,28707.01,26.55,4,0
2009,9621,,26.31,4,0
2009,9621,28707.01,25.87,4,0
2009,9621,28707.01,27.43,4,0
2009,9621,28707.01,25.38,4,0
2009,9621,,27.82,4,0
2009,9621,,27.82,4,0
2009,9621,28707.01,26.55,4,0
2009,10236,28707.01,26.55,5,0
2009,10236,28707.01,28.1,5,0
2009,10236,28707.01,26.76,5,0
2009,10236,28707.01,24.87,5,0
2009,10236,28707.01,25.73,5,0
2009,10236,28707.01,26.68,5,0
2009,10236,28707.01,26.55,5,0
2009,10236,28707.01,27.15,5,0
2009,10236,28707.01,28.03,5,0
2009,10236,28707.01,26.41,5,0
2009,10236,28707.01,,5,0
2009,10236,28707.01,25.99,5,0
2009,10236,28707.01,24.87,5,0
2009,10236,28707.01,27.14,5,0
2009,10236,28707.01,26.55,5,0
2009,10236,28707.01,26.31,5,0
2009,10236,28707.01,25.87,5,0
2009,10236,28707.01,27.43,5,0
2009,10236,28707.01,,5,0
2009,10236,28707.01,27.82,5,0
2009,10236,28707.01,27.82,5,0
2009,10236,28707.01,26.55,5,0
2009,90080,28707.01,26.55,6,1
2009,90080,28707.01,28.1,6,1
2009,90080,28707.01,26.76,6,1
2009,90080,28707.01,24.87,6,1
2009,90080,28707.01,25.73,6,1
2009,90080,28707.01,26.68,6,1
2009,90080,28707.01,26.55,6,1
2009,90080,,27.15,6,1
2009,90080,28707.01,28.03,6,1
2009,90080,,26.41,6,1
2009,90080,28707.01,26.92,6,1
2009,90080,,,6,1
2009,90080,28707.01,,6,1
2009,90080,28707.01,27.14,6,1
2009,90080,28707.01,26.55,6,1
2009,90080,28707.01,26.31,6,1
2009,90080,,,6,1
2009,90080,28707.01,27.43,6,1
2009,90080,28707.01,25.38,6,1
2009,90080,28707.01,27.82,6,1
2009,90080,28707.01,27.82,6,1
2009,90080,28707.01,26.55,6,1
2009,29071,28707.01,26.55,7,0
2009,29071,28707.01,28.1,7,0
2009,29071,28707.01,26.76,7,0
2009,29071,28707.01,24.87,7,0
2009,29071,28707.01,25.73,7,0
2009,29071,28707.01,26.68,7,0
2009,29071,28707.01,26.55,7,0
2009,29071,28707.01,27.15,7,0
2009,29071,28707.01,28.03,7,0
2009,29071,28707.01,26.41,7,0
2009,29071,28707.01,26.92,7,0
2009,29071,28707.01,25.99,7,0
2009,29071,28707.01,24.87,7,0
2009,29071,28707.01,27.14,7,0
2009,29071,28707.01,26.55,7,0
2009,29071,28707.01,26.31,7,0
2009,29071,28707.01,25.87,7,0
2009,29071,,27.43,7,0
2009,29071,28707.01,25.38,7,0
2009,29071,28707.01,,7,0
2009,29071,28707.01,,7,0
2009,29071,28707.01,26.55,7,0
2010,347555,40093.69,26.51,0,1
2010,347555,40093.69,28.02,0,1
2010,347555,40093.69,26.81,0,1
2010,347555,40093.69,24.98,0,1
2010,347555,40093.69,25.71,0,1
2010,347555,40093.69,26.61,0,1
2010,347555,40093.69,26.52,0,1
2010,347555,40093.69,27.29,0,1
2010,347555,40093.69,27.69,0,1
2010,347555,40093.69,,0,1
2010,347555,40093.69,26.82,0,1
2010,347555,,26.02,0,1
2010,347555,40093.69,24.98,0,1
2010,347555,40093.69,26.93,0,1
2010,347555,40093.69,26.52,0,1
2010,347555,40093.69,26.54,0,1
2010,347555,40093.69,25.75,0,1
2010,347555,40093.69,27.16,0,1
2010,347555,40093.69,25.54,0,1
2010,347555,40093.69,27.68,0,1
2010,347555,40093.69,27.68,0,1
2010,347555,40093.69,26.67,0,1
2010,25401,40093.69,26.51,1,0
2010,25401,40093.69,28.02,1,0
2010,25401,40093.69,26.81,1,0
2010,25401,40093.69,24.98,1,0
2010,25401,,25.71,1,0
2010,25401,40093.69,26.61,1,0
2010,25401,40093.69,26.52,1,0
2010,25401,40093.69,27.29,1,0
2010,25401,40093.69,27.69,1,0
2010,25401,40093.69,26.31,1,0
2010,25401,,26.82,1,0
2010,25401,,,1,0
2010,25401,,,1,0
2010,25401,40093.69,26.93,1,0
2010,25401,40093.69,26.52,1,0
2010,25401,40093.69,26.54,1,0
2010,25401,40093.69,25.75,1,0
2010,25401,40093.69,27.16,1,0
2010,25401,40093.69,25.54,1,0
2010,25401,40093.69,27.68,1,0
2010,25401,,27.68,1,0
2010,25401,,26.67,1,0
2010,199299,40093.69,26.51,2,1
2010,199299,40093.69,28.02,2,1
2010,199299,40093.69,26.81,2,1
2010,199299,40093.69,24.98,2,1
2010,199299,40093.69,25.71,2,1
2010,199299,40093.69,26.61,2,1
2010,199299,,26.52,2,1
2010,199299,40093.69,27.29,2,1
2010,199299,40093.69,27.69,2,1
2010,199299,40093.69,,2,1
2010,199299,40093.69,26.82,2,1
2010,199299,40093.69,26.02,2,1
2010,199299,40093.69,24.98,2,1
2010,199299,40093.69,26.93,2,1
2010,199299,40093.69,,2,1
2010,199299,40093.69,26.54,2,1
2010,199299,40093.69,25.75,2,1
2010,199299,,27.16,2,1
2010,199299,40093.69,25.54,2,1
2010,199299,40093.69,27.68,2,1
2010,199299,40093.69,,2,1
2010,199299,40093.69,26.67,2,1
2010,33587,40093.69,26.51,3,1
2010,33587,40093.69,28.02,3,1
2010,33587,40093.69,26.81,3,1
2010,33587,40093.69,,3,1
2010,33587,40093.69,25.71,3,1
2010,33587,40093.69,26.61,3,1
2010,33587,,26.52,3,1
2010,33587,,,3,1
2010,33587,40093.69,,3,1
2010,33587,40093.69,26.31,3,1
2010,33587,,26.82,3,1
2010,33587,40093.69,26.02,3,1
2010,33587,40093.69,24.98,3,1
2010,33587,40093.69,,3,1
2010,33587,40093.69,,3,1
2010,33587,40093.69,26.54,3,1
2010,33587,40093.69,,3,1
2010,33587,40093.69,,3,1
2010,33587,40093.69,25.54,3,1
2010,33587,40093.69,27.68,3,1
2010,33587,40093.69,27.68,3,1
2010,33587,40093.69,26.67,3,1
2010,8602,40093.69,26.51,4,0
2010,8602,40093.69,28.02,4,0
2010,8602,40093.69,26.81,4,0
2010,8602,40093.69,24.98,4,0
2010,8602,40093.69,25.71,4,0
2010,8602,40093.69,26.61,4,0
2010,8602,40093.69,26.52,4,0
2010,8602,40093.69,27.29,4,0
2010,8602,,27.69,4,0
2010,8602,40093.69,26.31,4,0
2010,8602,40093.69,26.82,4,0
2010,8602,40093.69,26.02,4,0
2010,8602,40093.69,,4,0
2010,8602,40093.69,26.93,4,0
2010,8602,40093.69,26.52,4,0
2010,8602,40093.69,26.54,4,0
2010,8602,40093.69,25.75,4,0
2010,8602,40093.69,27.16,4,0
2010,8602,40093.69,25.54,4,0
2010,8602,40093.69,27.68,4,0
2010,8602,40093.69,,4,0
2010,8602,,,4,0
2010,13330,40093.69,26.51,5,0
2010,13330,40093.69,28.02,5,0
2010,13330,40093.69,26.81,5,0
2010,13330,40093.69,24.98,5,0
2010,13330,40093.69,25.71,5,0
2010,13330,40093.69,26.61,5,0
2010,13330,40093.69,26.52,5,0
2010,13330,40093.69,27.29,5,0
2010,13330,40093.69,27.69,5,0
2010,13330,40093.69,26.31,5,0
2010,13330,40093.69,26.82,5,0
2010,13330,40093.69,26.02,5,0
2010,13330,40093.69,,5,0
2010,13330,,26.93,5,0
2010,13330,40093.69,26.52,5,0
2010,13330,40093.69,26.54,5,0
2010,13330,40093.69,25.75,5,0
2010,13330,40093.69,27.16,5,0
2010,13330,40093.69,25.54,5,0
2010,13330,40093.69,27.68,5,0
2010,13330,40093.69,27.68,5,0
2010,13330,40093.69,,5,0
2010,92069,40093.69,26.51,6,1
2010,92069,40093.69,28.02,6,1
2010,92069,40093.69,26.81,6,1
2010,92069,40093.69,24.98,6,1
2010,92069,40093.69,25.71,6,1
2010,92069,,26.61,6,1
2010,92069,40093.69,26.52,6,1
2010,92069,40093.69,27.29,6,1
2010,92069,40093.69,27.69,6,1
2010,92069,40093.69,26.31,6,1
2010,92069,40093.69,26.82,6,1
2010,92069,,,6,1
2010,92069,40093.69,24.98,6,1
2010,92069,40093.69,26.93,6,1
2010,92069,40093.69,26.52,6,1
2010,92069,40093.69,,6,1
2010,92069,40093.69,25.75,6,1
2010,92069,40093.69,27.16,6,1
2010,92069,40093.69,25.54,6,1
2010,92069,40093.69,27.68,6,1
2010,92069,40093.69,27.68,6,1
2010,92069,40093.69,26.67,6,1
2010,28395,40093.69,26.51,7,0
2010,28395,40093.69,,7,0
2010,28395,40093.69,26.81,7,0
2010,28395,40093.69,24.98,7,0
2010,28395,40093.69,25.71,7,0
2010,28395,40093.69,26.61,7,0
2010,28395,40093.69,26.52,7,0
2010,28395,40093.69,27.29,7,0
2010,28395,40093.69,27.69,7,0
2010,28395,40093.69,26.31,7,0
2010,28395,40093.69,,7,0
2010,28395,40093.69,26.02,7,0
2010,28395,40093.69,24.98,7,0
2010,28395,40093.69,,7,0
2010,28395,40093.69,26.52,7,0
2010,28395,40093.69,26.54,7,0
2010,28395,40093.69,25.75,7,0
2010,28395,40093.69,27.16,7,0
2010,28395,40093.69,25.54,7,0
2010,28395,40093.69,27.68,7,0
2010,28395,40093.69,27.68,7,0
2010,28395,40093.69,26.67,7,0
2011,364770,55540,25.53,0,1
2011,364770,55540,27.29,0,1
2011,364770,55540,25.81,0,1
2011,364770,55540,24.35,0,1
2011,364770,55540,25.36,0,1
2011,364770,55540,25.72,0,1
2011,364770,55540,25.63,0,1
2011,364770,55540,,0,1
2011,364770,55540,27.41,0,1
2011,364770,55540,25.45,0,1
2011,364770,55540,25.92,0,1
2011,364770,55540,25.06,0,1
2011,364770,55540,24.35,0,1
2011,364770,55540,26,0,1
2011,364770,55540,25.63,0,1
2011,364770,,25.48,0,1
2011,364770,55540,25.16,0,1
2011,364770,,26.84,0,1
2011,364770,55540,24.5,0,1
2011,364770,55540,27.02,0,1
2011,364770,55540,27.02,0,1
2011,364770,55540,25.64,0,1
2011,24784,55540,25.53,1,0
2011,24784,55540,27.29,1,0
2011,24784,55540,25.81,1,0
2011,24784,55540,24.35,1,0
2011,24784,55540,25.36,1,0
2011,24784,55540,25.72,1,0
2011,24784,55540,25.63,1,0
2011,24784,55540,26.41,1,0
2011,24784,55540,27.41,1,0
2011,24784,55540,25.45,1,0
2011,24784,55540,25.92,1,0
2011,24784,55540,25.06,1,0
2011,24784,55540,24.35,1,0
2011,24784,55540,26,1,0
2011,24784,55540,25.63,1,0
2011,24784,55540,25.48,1,0
2011,24784,55540,25.16,1,0
2011,24784,55540,26.84,1,0
2011,24784,55540,24.5,1,0
2011,24784,55540,27.02,1,0
2011,24784,55540,27.02,1,0
2011,24784,55540,25.64,1,0
2011,227240,,25.53,2,1
2011,227240,55540,27.29,2,1
2011,227240,55540,25.81,2,1
2011,227240,55540,24.35,2,1
2011,227240,55540,25.36,2,1
2011,227240,55540,25.72,2,1
2011,227240,55540,25.63,2,1
2011,227240,55540,26.41,2,1
2011,227240,55540,27.41,2,1
2011,227240,55540,25.45,2,1
2011,227240,55540,25.92,2,1
2011,227240,55540,25.06,2,1
2011,227240,55540,,2,1
2011,227240,55540,26,2,1
2011,227240,55540,25.63,2,1
2011,227240,55540,25.48,2,1
2011,227240,55540,25.16,2,1
2011,227240,55540,26.84,2,1
2011,227240,,,2,1
2011,227240,55540,27.02,2,1
2011,227240,55540,27.02,2,1
2011,227240,55540,25.64,2,1
2011,35878,55540,,3,1
2011,35878,55540,27.29,3,1
2011,35878,55540,25.81,3,1
2011,35878,55540,24.35,3,1
2011,35878,55540,25.36,3,1
2011,35878,55540,25.72,3,1
2011,35878,55540,25.63,3,1
2011,35878,55540,26.41,3,1
2011,35878,55540,27.41,3,1
2011,35878,55540,25.45,3,1
2011,35878,55540,,3,1
2011,35878,55540,25.06,3,1
2011,35878,55540,24.35,3,1
2011,35878,55540,26,3,1
2011,35878,55540,25.63,3,1
2011,35878,55540,25.48,3,1
2011,35878,55540,25.16,3,1
2011,35878,55540,26.84,3,1
2011,35878,55540,24.5,3,1
2011,35878,55540,27.02,3,1
2011,35878,55540,27.02,3,1
2011,35878,55540,25.64,3,1
2011,9487,55540,25.53,4,0
2011,9487,55540,27.29,4,0
2011,9487,55540,25.81,4,0
2011,9487,,24.35,4,0
2011,9487,55540,25.36,4,0
2011,9487,55540,,4,0
2011,9487,55540,25.63,4,0
2011,9487,55540,26.41,4,0
2011,9487,55540,27.41,4,0
2011,9487,,,4,0
2011,9487,55540,25.92,4,0
2011,9487,55540,25.06,4,0
2011,9487,55540,24.35,4,0
2011,9487,55540,26,4,0
2011,9487,55540,25.63,4,0
2011,9487,55540,25.48,4,0
2011,9487,,25.16,4,0
2011,9487,55540,26.84,4,0
2011,9487,55540,24.5,4,0
2011,9487,,27.02,4,0
2011,9487,55540,27.02,4,0
2011,9487,55540,,4,0
2011,11998,55540,25.53,5,0
2011,11998,55540,27.29,5,0
2011,11998,55540,25.81,5,0
2011,11998,55540,,5,0
2011,11998,55540,25.36,5,0
2011,11998,55540,25.72,5,0
2011,11998,55540,25.63,5,0
2011,11998,55540,,5,0
2011,11998,,27.41,5,0
2011,11998,55540,25.45,5,0
2011,11998,55540,,5,0
2011,11998,55540,25.06,5,0
2011,11998,55540,24.35,5,0
2011,11998,55540,26,5,0
2011,11998,55540,25.63,5,0
2011,11998,55540,25.48,5,0
2011,11998,55540,25.16,5,0
2011,11998,55540,26.84,5,0
2011,11998,55540,24.5,5,0
2011,11998,55540,27.02,5,0
2011,11998,55540,,5,0
2011,11998,55540,25.64,5,0
2011,92456,55540,25.53,6,1
2011,92456,55540,27.29,6,1
2011,92456,55540,25.81,6,1
2011,92456,55540,24.35,6,1
2011,92456,55540,25.36,6,1
2011,92456,55540,25.72,6,1
2011,92456,55540,25.63,6,1
2011,92456,55540,26.41,6,1
2011,92456,55540,27.41,6,1
2011,92456,55540,25.45,6,1
2011,92456,55540,,6,1
2011,92456,,25.06,6,1
2011,92456,55540,24.35,6,1
2011,92456,55540,,6,1
2011,92456,55540,25.63,6,1
2011,92456,55540,25.48,6,1
2011,92456,55540,25.16,6,1
2011,92456,,26.84,6,1
2011,92456,55540,24.5,6,1
2011,92456,55540,27.02,6,1
2011,92456,55540,27.02,6,1
2011,92456,55540,25.64,6,1
2011,29886,,25.53,7,0
2011,29886,55540,27.29,7,0
2011,29886,55540,25.81,7,0
2011,29886,55540,24.35,7,0
2011,29886,,25.36,7,0
2011,29886,55540,25.72,7,0
2011,29886,55540,25.63,7,0
2011,29886,,26.41,7,0
2011,29886,55540,27.41,7,0
2011,29886,55540,25.45,7,0
2011,29886,55540,25.92,7,0
2011,29886,55540,25.06,7,0
2011,29886,55540,24.35,7,0
2011,29886,55540,26,7,0
2011,29886,55540,25.63,7,0
2011,29886,55540,25.48,7,0
2011,29886,55540,25.16,7,0
2011,29886,55540,26.84,7,0
2011,29886,55540,24.5,7,0
2011,29886,55540,27.02,7,0
2011,29886,55540,27.02,7,0
2011,29886,55540,,7,0
2012,385818,52980,25.86,0,1
2012,385818,52980,27.03,0,1
2012,385818,52980,26.21,0,1
2012,385818,,24.37,0,1
2012,385818,52980,26.04,0,1
2012,385818,52980,25.82,0,1
2012,385818,52980,25.89,0,1
2012,385818,52980,26.94,0,1
2012,385818,52980,28.02,0,1
2012,385818,52980,25.39,0,1
2012,385818,52980,25.88,0,1
2012,385818,,25.45,0,1
2012,385818,52980,24.37,0,1
2012,385818,52980,,0,1
2012,385818,52980,25.89,0,1
2012,385818,,25.98,0,1
2012,385818,52980,25.3,0,1
2012,385818,52980,26.65,0,1
2012,385818,,25.09,0,1
2012,385818,52980,26.89,0,1
2012,385818,52980,26.89,0,1
2012,385818,52980,26.09,0,1
2012,25557,52980,25.86,1,0
2012,25557,52980,27.03,1,0
2012,25557,52980,26.21,1,0
2012,25557,52980,24.37,1,0
2012,25557,52980,26.04,1,0
2012,25557,,25.82,1,0
2012,25557,52980,25.89,1,0
2012,25557,52980,26.94,1,0
2012,25557,,28.02,1,0
2012,25557,,25.39,1,0
2012,25557,,25.88,1,0
2012,25557,52980,25.45,1,0
2012,25557,52980,24.37,1,0
2012,25557,52980,26.33,1,0
2012,25557,52980,25.89,1,0
2012,25557,52980,,1,0
2012,25557,52980,25.3,1,0
2012,25557,52980,26.65,1,0
2012,25557,52980,25.09,1,0
2012,25557,52980,26.89,1,0
2012,25557,52980,26.89,1,0
2012,25557,52980,26.09,1,0
2012,217530,52980,25.86,2,1
2012,217530,52980,27.03,2,1
2012,217530,,26.21,2,1
2012,217530,52980,24.37,2,1
2012,217530,52980,26.04,2,1
2012,217530,52980,25.82,2,1
2012,217530,52980,25.89,2,1
2012,217530,52980,26.94,2,1
2012,217530,52980,28.02,2,1
2012,217530,52980,25.39,2,1
2012,217530,,25.88,2,1
2012,217530,52980,25.45,2,1
2012,217530,52980,24.37,2,1
2012,217530,52980,26.33,2,1
2012,217530,52980,25.89,2,1
2012,217530,52980,25.98,2,1
2012,217530,52980,25.3,2,1
2012,217530,52980,26.65,2,1
2012,217530,52980,25.09,2,1
2012,217530,52980,26.89,2,1
2012,217530,52980,26.89,2,1
2012,217530,,26.09,2,1
2012,36909,52980,25.86,3,1
2012,36909,52980,27.03,3,1
2012,36909,52980,26.21,3,1
2012,36909,52980,24.37,3,1
2012,36909,52980,,3,1
2012,36909,52980,25.82,3,1
2012,36909,52980,25.89,3,1
2012,36909,52980,26.94,3,1
2012,36909,52980,28.02,3,1
2012,36909,52980,25.39,3,1
2012,36909,52980,25.88,3,1
2012,36909,52980,25.45,3,1
2012,36909,52980,24.37,3,1
2012,36909,52980,26.33,3,1
2012,36909,52980,25.89,3,1
2012,36909,52980,25.98,3,1
2012,36909,52980,25.3,3,1
2012,36909,52980,26.65,3,1
2012,36909,52980,25.09,3,1
2012,36909,52980,26.89,3,1
2012,36909,52980,26.89,3,1
2012,36909,52980,26.09,3,1
2012,9568,52980,25.86,4,0
2012,9568,52980,27.03,4,0
2012,9568,52980,26.21,4,0
2012,9568,52980,24.37,4,0
2012,9568,52980,26.04,4,0
2012,9568,52980,25.82,4,0
2012,9568,52980,25.89,4,0
2012,9568,52980,26.94,4,0
2012,9568,52980,28.02,4,0
2012,9568,52980,25.39,4,0
2012,9568,52980,25.88,4,0
2012,9568,52980,25.45,4,0
2012,9568,52980,24.37,4,0
2012,9568,52980,26.33,4,0
2012,9568,52980,25.89,4,0
2012,9568,52980,25.98,4,0
2012,9568,52980,25.3,4,0
2012,9568,52980,26.65,4,0
2012,9568,52980,25.09,4,0
2012,9568,52980,26.89,4,0
2012,9568,,26.89,4,0
2012,9568,52980,26.09,4,0
2012,13530,,25.86,5,0
2012,13530,52980,27.03,5,0
2012,13530,,26.21,5,0
2012,13530,52980,24.37,5,0
2012,13530,52980,26.04,5,0
2012,13530,52980,25.82,5,0
2012,13530,52980,25.89,5,0
2012,13530,,26.94,5,0
2012,13530,52980,28.02,5,0
2012,13530,52980,25.39,5,0
2012,13530,52980,25.88,5,0
2012,13530,52980,25.45,5,0
2012,13530,52980,24.37,5,0
2012,13530,52980,26.33,5,0
2012,13530,52980,25.89,5,0
2012,13530,52980,25.98,5,0
2012,13530,52980,25.3,5,0
2012,13530,52980,26.65,5,0
2012,13530,,25.09,5,0
2012,13530,52980,26.89,5,0
2012,13530,52980,,5,0
2012,13530,52980,26.09,5,0
2012,97174,52980,25.86,6,1
2012,97174,52980,27.03,6,1
2012,97174,,26.21,6,1
2012,97174,52980,24.37,6,1
2012,97174,52980,26.04,6,1
2012,97174,52980,25.82,6,1
2012,97174,52980,25.89,6,1
2012,97174,52980,26.94,6,1
2012,97174,,,6,1
2012,97174,52980,25.39,6,1
2012,97174,52980,25.88,6,1
2012,97174,,25.45,6,1
2012,97174,52980,24.37,6,1
2012,97174,52980,26.33,6,1
2012,97174,52980,25.89,6,1
2012,97174,52980,25.98,6,1
2012,97174,52980,25.3,6,1
2012,97174,52980,26.65,6,1
2012,97174,52980,25.09,6,1
2012,97174,52980,26.89,6,1
2012,97174,52980,26.89,6,1
2012,97174,52980,26.09,6,1
2012,31775,52980,,7,1
2012,31775,52980,27.03,7,1
2012,31775,52980,26.21,7,1
2012,31775,52980,24.37,7,1
2012,31775,52980,26.04,7,1
2012,31775,52980,25.82,7,1
2012,31775,52980,25.89,7,1
2012,31775,,26.94,7,1
2012,31775,52980,28.02,7,1
2012,31775,52980,25.39,7,1
2012,31775,52980,25.88,7,1
2012,31775,52980,,7,1
2012,31775,52980,24.37,7,1
2012,31775,52980,26.33,7,1
2012,31775,52980,,7,1
2012,31775,52980,25.98,7,1
2012,31775,52980,25.3,7,1
2012,31775,52980,,7,1
2012,31775,52980,25.09,7,1
2012,31775,52980,26.89,7,1
2012,31775,52980,26.89,7,1
2012,31775,52980,26.09,7,1
2013,349594,45620,26.69,0,1
2013,349594,45620,27.61,0,1
2013,349594,45620,27.1,0,1
2013,349594,45620,25.44,0,1
2013,349594,45620,26.61,0,1
2013,349594,45620,26.37,0,1
2013,349594,45620,26.71,0,1
2013,349594,,27.37,0,1
2013,349594,45620,28.85,0,1
2013,349594,45620,25.94,0,1
2013,349594,45620,26.84,0,1
2013,349594,45620,26.12,0,1
2013,349594,45620,25.44,0,1
2013,349594,45620,,0,1
2013,349594,45620,26.71,0,1
2013,349594,45620,26.79,0,1
2013,349594,45620,25.85,0,1
2013,349594,45620,27.14,0,1
2013,349594,,25.98,0,1
2013,349594,45620,27.44,0,1
2013,349594,45620,27.44,0,1
2013,349594,,26.99,0,1
2013,25726,45620,26.69,1,0
2013,25726,,27.61,1,0
2013,25726,45620,27.1,1,0
2013,25726,,25.44,1,0
2013,25726,45620,26.61,1,0
2013,25726,45620,26.37,1,0
2013,25726,45620,26.71,1,0
2013,25726,45620,27.37,1,0
2013,25726,45620,28.85,1,0
2013,25726,,25.94,1,0
2013,25726,45620,26.84,1,0
2013,25726,45620,26.12,1,0
2013,25726,45620,,1,0
2013,25726,45620,27.11,1,0
2013,25726,45620,26.71,1,0
2013,25726,45620,26.79,1,0
2013,25726,45620,25.85,1,0
2013,25726,45620,27.14,1,0
2013,25726,45620,25.98,1,0
2013,25726,,,1,0
2013,25726,,,1,0
2013,25726,45620,26.99,1,0
2013,227606,45620,26.69,2,1
2013,227606,45620,27.61,2,1
2013,227606,45620,27.1,2,1
2013,227606,45620,25.44,2,1
2013,227606,45620,26.61,2,1
2013,227606,45620,26.37,2,1
2013,227606,45620,26.71,2,1
2013,227606,,27.37,2,1
2013,227606,45620,28.85,2,1
2013,227606,45620,25.94,2,1
2013,227606,45620,,2,1
2013,227606,45620,26.12,2,1
2013,227606,45620,,2,1
2013,227606,45620,27.11,2,1
2013,227606,45620,,2,1
2013,227606,45620,26.79,2,1
2013,227606,45620,,2,1
2013,227606,45620,27.14,2,1
2013,227606,45620,25.98,2,1
2013,227606,45620,,2,1
2013,227606,45620,27.44,2,1
2013,227606,45620,,2,1
2013,36070,45620,26.69,3,1
2013,36070,45620,27.61,3,1
2013,36070,45620,27.1,3,1
2013,36070,45620,25.44,3,1
2013,36070,45620,26.61,3,1
2013,36070,45620,26.37,3,1
2013,36070,45620,26.71,3,1
2013,36070,45620,27.37,3,1
2013,36070,45620,28.85,3,1
2013,36070,45620,,3,1
2013,36070,45620,26.84,3,1
2013,36070,45620,26.12,3,1
2013,36070,45620,25.44,3,1
2013,36070,45620,27.11,3,1
2013,36070,45620,26.71,3,1
2013,36070,45620,26.79,3,1
2013,36070,,25.85,3,1
2013,36070,45620,27.14,3,1
2013,36070,45620,25.98,3,1
2013,36070,45620,27.44,3,1
2013,36070,45620,27.44,3,1
2013,36070,,26.99,3,1
2013,8502,45620,26.69,4,0
2013,8502,45620,27.61,4,0
2013,8502,45620,27.1,4,0
2013,8502,45620,25.44,4,0
2013,8502,45620,26.61,4,0
2013,8502,45620,26.37,4,0
2013,8502,45620,,4,0
2013,8502,45620,27.37,4,0
2013,8502,45620,28.85,4,0
2013,8502,45620,25.94,4,0
2013,8502,45620,,4,0
2013,8502,45620,26.12,4,0
2013,8502,45620,,4,0
2013,8502,45620,27.11,4,0
2013,8502,45620,,4,0
2013,8502,45620,26.79,4,0
2013,8502,45620,25.85,4,0
2013,8502,45620,27.14,4,0
2013,8502,45620,25.98,4,0
2013,8502,45620,27.44,4,0
2013,8502,45620,27.44,4,0
2013,8502,,26.99,4,0
2013,10123,45620,26.69,5,0
2013,10123,45620,27.61,5,0
2013,10123,45620,27.1,5,0
2013,10123,45620,,5,0
2013,10123,45620,26.61,5,0
2013,10123,,26.37,5,0
2013,10123,45620,26.71,5,0
2013,10123,45620,27.37,5,0
2013,10123,45620,,5,0
2013,10123,45620,25.94,5,0
2013,10123,45620,26.84,5,0
2013,10123,45620,26.12,5,0
2013,10123,45620,25.44,5,0
2013,10123,45620,27.11,5,0
2013,10123,45620,26.71,5,0
2013,10123,45620,26.79,5,0
2013,10123,45620,25.85,5,0
2013,10123,,27.14,5,0
2013,10123,45620,25.98,5,0
2013,10123,,27.44,5,0
2013,10123,45620,,5,0
2013,10123,45620,,5,0
2013,101288,45620,26.69,6,1
2013,101288,45620,27.61,6,1
2013,101288,45620,27.1,6,1
2013,101288,45620,25.44,6,1
2013,101288,45620,26.61,6,1
2013,101288,45620,26.37,6,1
2013,101288,45620,26.71,6,1
2013,101288,45620,27.37,6,1
2013,101288,45620,28.85,6,1
2013,101288,45620,25.94,6,1
2013,101288,45620,26.84,6,1
2013,101288,,26.12,6,1
2013,101288,45620,25.44,6,1
2013,101288,45620,27.11,6,1
2013,101288,45620,26.71,6,1
2013,101288,45620,26.79,6,1
2013,101288,45620,25.85,6,1
2013,101288,45620,27.14,6,1
2013,101288,45620,25.98,6,1
2013,101288,45620,27.44,6,1
2013,101288,45620,,6,1
2013,101288,45620,26.99,6,1
2013,31538,45620,26.69,7,1
2013,31538,45620,27.61,7,1
2013,31538,45620,27.1,7,1
2013,31538,45620,25.44,7,1
2013,31538,45620,26.61,7,1
2013,31538,45620,26.37,7,1
2013,31538,45620,26.71,7,1
2013,31538,45620,27.37,7,1
2013,31538,45620,28.85,7,1
2013,31538,45620,25.94,7,1
2013,31538,45620,26.84,7,1
2013,31538,45620,26.12,7,1
2013,31538,45620,25.44,7,1
2013,31538,45620,27.11,7,1
2013,31538,45620,26.71,7,1
2013,31538,45620,26.79,7,1
2013,31538,45620,25.85,7,1
2013,31538,45620,27.14,7,1
2013,31538,45620,25.98,7,1
2013,31538,45620,27.44,7,1
2013,31538,45620,27.44,7,1
2013,31538,45620,26.99,7,1
